{
    "name": "root",
    "gauges": {
        "CustomAgent.Policy.Entropy.mean": {
            "value": 1.4633057117462158,
            "min": 1.4633057117462158,
            "max": 2.677032709121704,
            "count": 9
        },
        "CustomAgent.Policy.Entropy.sum": {
            "value": 14726.708984375,
            "min": 14726.708984375,
            "max": 26797.09765625,
            "count": 9
        },
        "CustomAgent.Environment.EpisodeLength.mean": {
            "value": 4.549344978165939,
            "min": 4.277572559366755,
            "max": 11.60705289672544,
            "count": 9
        },
        "CustomAgent.Environment.EpisodeLength.sum": {
            "value": 5209.0,
            "min": 5209.0,
            "max": 9216.0,
            "count": 9
        },
        "CustomAgent.Step.mean": {
            "value": 89994.0,
            "min": 9994.0,
            "max": 89994.0,
            "count": 9
        },
        "CustomAgent.Step.sum": {
            "value": 89994.0,
            "min": 9994.0,
            "max": 89994.0,
            "count": 9
        },
        "CustomAgent.Policy.ExtrinsicValueEstimate.mean": {
            "value": 0.14701737463474274,
            "min": 0.038024429231882095,
            "max": 0.16929098963737488,
            "count": 9
        },
        "CustomAgent.Policy.ExtrinsicValueEstimate.sum": {
            "value": 177.30294799804688,
            "min": 30.153371810913086,
            "max": 294.5663146972656,
            "count": 9
        },
        "CustomAgent.Environment.CumulativeReward.mean": {
            "value": 0.16506550218340613,
            "min": 0.05296343001261034,
            "max": 0.18045977011494252,
            "count": 9
        },
        "CustomAgent.Environment.CumulativeReward.sum": {
            "value": 189.0,
            "min": 42.0,
            "max": 314.0,
            "count": 9
        },
        "CustomAgent.Policy.ExtrinsicReward.mean": {
            "value": 0.16506550218340613,
            "min": 0.05296343001261034,
            "max": 0.18045977011494252,
            "count": 9
        },
        "CustomAgent.Policy.ExtrinsicReward.sum": {
            "value": 189.0,
            "min": 42.0,
            "max": 314.0,
            "count": 9
        },
        "CustomAgent.Losses.PolicyLoss.mean": {
            "value": 0.24879910649820203,
            "min": 0.2387156104665471,
            "max": 0.24879910649820203,
            "count": 9
        },
        "CustomAgent.Losses.PolicyLoss.sum": {
            "value": 20.401526732852567,
            "min": 20.401526732852567,
            "max": 23.135672639355803,
            "count": 9
        },
        "CustomAgent.Losses.ValueLoss.mean": {
            "value": 0.014106159342357589,
            "min": 0.014106159342357589,
            "max": 0.05163346201777825,
            "count": 9
        },
        "CustomAgent.Losses.ValueLoss.sum": {
            "value": 1.1567050660733222,
            "min": 1.1567050660733222,
            "max": 4.853545429671155,
            "count": 9
        },
        "CustomAgent.Policy.LearningRate.mean": {
            "value": 0.0002491141194009903,
            "min": 0.0002491141194009903,
            "max": 0.0002970159965990638,
            "count": 9
        },
        "CustomAgent.Policy.LearningRate.sum": {
            "value": 0.0204273577908812,
            "min": 0.0204273577908812,
            "max": 0.027355403681532203,
            "count": 9
        },
        "CustomAgent.Policy.Epsilon.mean": {
            "value": 0.1830380341463415,
            "min": 0.1830380341463415,
            "max": 0.19900533186813188,
            "count": 9
        },
        "CustomAgent.Policy.Epsilon.sum": {
            "value": 15.009118800000003,
            "min": 15.009118800000003,
            "max": 18.5184678,
            "count": 9
        },
        "CustomAgent.Policy.Beta.mean": {
            "value": 0.00041688636731707323,
            "min": 0.00041688636731707323,
            "max": 0.0004951261261538461,
            "count": 9
        },
        "CustomAgent.Policy.Beta.sum": {
            "value": 0.034184682120000004,
            "min": 0.034184682120000004,
            "max": 0.04562049222,
            "count": 9
        },
        "CustomAgent.IsTraining.mean": {
            "value": 1.0,
            "min": 1.0,
            "max": 1.0,
            "count": 9
        },
        "CustomAgent.IsTraining.sum": {
            "value": 1.0,
            "min": 1.0,
            "max": 1.0,
            "count": 9
        }
    },
    "metadata": {
        "timer_format_version": "0.1.0",
        "start_time_seconds": "1620725727",
        "python_version": "3.9.4 (tags/v3.9.4:1f2e308, Apr  6 2021, 13:40:21) [MSC v.1928 64 bit (AMD64)]",
        "command_line_arguments": "D:\\Tristan Macaulay\\Documents\\UnityProjects\\machine_learning\\venv\\Scripts\\mlagents-learn config\\custom_agent.YAML --run-id=test04",
        "mlagents_version": "0.26.0",
        "mlagents_envs_version": "0.26.0",
        "communication_protocol_version": "1.5.0",
        "pytorch_version": "1.8.1+cu111",
        "numpy_version": "1.20.2",
        "end_time_seconds": "1620728761"
    },
    "total": 3034.0735632,
    "count": 1,
    "self": 0.004352299999936804,
    "children": {
        "run_training.setup": {
            "total": 0.11949069999999984,
            "count": 1,
            "self": 0.11949069999999984
        },
        "TrainerController.start_learning": {
            "total": 3033.9497202000002,
            "count": 1,
            "self": 1.8043105999845466,
            "children": {
                "TrainerController._reset_env": {
                    "total": 14.3779116,
                    "count": 1,
                    "self": 14.3779116
                },
                "TrainerController.advance": {
                    "total": 3017.5798057000156,
                    "count": 99496,
                    "self": 1.7105971999653775,
                    "children": {
                        "env_step": {
                            "total": 2748.792818600023,
                            "count": 99496,
                            "self": 2453.6363966999334,
                            "children": {
                                "SubprocessEnvManager._take_step": {
                                    "total": 293.96682490000774,
                                    "count": 99496,
                                    "self": 5.084081000007359,
                                    "children": {
                                        "TorchPolicy.evaluate": {
                                            "total": 288.8827439000004,
                                            "count": 87062,
                                            "self": 97.23591360000867,
                                            "children": {
                                                "TorchPolicy.sample_actions": {
                                                    "total": 191.6468302999917,
                                                    "count": 87062,
                                                    "self": 191.6468302999917
                                                }
                                            }
                                        }
                                    }
                                },
                                "workers": {
                                    "total": 1.1895970000818146,
                                    "count": 99495,
                                    "self": 0.0,
                                    "children": {
                                        "worker_root": {
                                            "total": 3018.2643185999955,
                                            "count": 99495,
                                            "is_parallel": true,