{
    "name": "root",
    "metadata": {
        "timer_format_version": "0.1.0",
        "start_time_seconds": "1620436012",
        "python_version": "3.9.4 (tags/v3.9.4:1f2e308, Apr  6 2021, 13:40:21) [MSC v.1928 64 bit (AMD64)]",
        "command_line_arguments": "D:\\Tristan Macaulay\\Documents\\UnityProjects\\machine_learning\\venv\\Scripts\\mlagents-learn config/custom_agent.yaml --run-id=test11",
        "mlagents_version": "0.26.0",
        "mlagents_envs_version": "0.26.0",
        "communication_protocol_version": "1.5.0",
        "pytorch_version": "1.7.1+cu110",
        "numpy_version": "1.20.2",
        "end_time_seconds": "1620436037"
    },
    "total": 24.2913848,
    "count": 1,
    "self": 0.00645770000000212,
    "children": {
        "run_training.setup": {
            "total": 0.11024110000000009,
            "count": 1,
            "self": 0.11024110000000009
        },
        "TrainerController.start_learning": {
            "total": 24.174685999999998,
            "count": 1,
            "self": 0.02458559999993426,
            "children": {
                "TrainerController._reset_env": {
                    "total": 7.104049300000001,
                    "count": 1,
                    "self": 7.104049300000001
                },
                "TrainerController.advance": {
                    "total": 16.958988100000063,
                    "count": 1370,
                    "self": 0.021633600000107833,
                    "children": {
                        "env_step": {
                            "total": 13.778288099999967,
                            "count": 1370,
                            "self": 10.586191300000003,
                            "children": {
                                "SubprocessEnvManager._take_step": {
                                    "total": 3.1776266999999763,
                                    "count": 1370,
                                    "self": 0.05547709999997785,
                                    "children": {
                                        "TorchPolicy.evaluate": {
                                            "total": 3.1221495999999984,
                                            "count": 1047,
                                            "self": 1.1294555999999787,
                                            "children": {
                                                "TorchPolicy.sample_actions": {
                                                    "total": 1.9926940000000197,
                                                    "count": 1047,
                                                    "self": 1.9926940000000197
                                                }
                                            }
                                        }
                                    }
                                },
                                "workers": {
                                    "total": 0.01447009999998805,
                                    "count": 1369,
                                    "self": 0.0,
                                    "children": {
                                        "worker_root": {
                                            "total": 18.224635299999974,
                                            "count": 1369,
                                            "is_parallel": true,
                                            "self": 8.764351699999903,
                                            "children": {
                                                "steps_from_proto": {
                                                    "total": 0.0004771999999997334,
                                                    "count": 1,
                                                    "is_parallel": true,
                                                    "self": 0.0002613999999985239,
                                                    "children": {
                                                        "_process_rank_one_or_two_observation": {
                                                            "total": 0.00021580000000120947,
                                                            "count": 2,
                                                            "is_parallel": true,
                                                            "self": 0.00021580000000120947
                                                        }
                                                    }
                                                },
                                                "UnityEnvironment.step": {
                                                    "total": 9.459806400000073,
                                                    "count": 1369,
                                                    "is_parallel": true,
                                                    "self": 0.08214760000005406,
                                                    "children": {
                                                        "UnityEnvironment._generate_step_input": {
                                                            "total": 0.16371060000000526,
                                                            "count": 1369,
                                                            "is_parallel": true,
                                                            "self": 0.16371060000000526
                                                        },
                                                        "communicator.exchange": {
                                                            "total": 8.8945641,
                                                            "count": 1369,
                                                            "is_parallel": true,
                                                            "self": 8.8945641
                                                        },
                                                        "steps_from_proto": {
                                                            "total": 0.31938410000001305,
                                                            "count": 1369,
                                                            "is_parallel": true,
                                                            "self": 0.203717500000006,
                                                            "children": {
                                                                "_process_rank_one_or_two_observation": {
                                                                    "total": 0.11566660000000706,
                                                                    "count": 2738,
                                                                    "is_parallel": true,
                                                                    "self": 0.11566660000000706
                                                                }
                                                            }
                                                        }
                                                    }
                                                }
                                            }
                                        }
                                    }
                                }
                            }
                        },
                        "trainer_advance": {
                            "total": 3.1590663999999897,
                            "count": 1369,
                            "self": 0.02546670000000617,
                            "children": {
                                "process_trajectory": {
                                    "total": 0.6459000999999915,
                                    "count": 1369,
                                    "self": 0.6459000999999915
                                },