{
    "name": "root",
    "gauges": {
        "CustomAgent.Policy.Entropy.mean": {
            "value": 2.2426702976226807,
            "min": 2.2426702976226807,
            "max": 2.7067129611968994,
            "count": 3
        },
        "CustomAgent.Policy.Entropy.sum": {
            "value": 22404.275390625,
            "min": 22404.275390625,
            "max": 27202.46484375,
            "count": 3
        },
        "CustomAgent.Environment.EpisodeLength.mean": {
            "value": 7.827007943512798,
            "min": 7.827007943512798,
            "max": 9.779094827586206,
            "count": 3
        },
        "CustomAgent.Environment.EpisodeLength.sum": {
            "value": 8868.0,
            "min": 8868.0,
            "max": 9075.0,
            "count": 3
        },
        "CustomAgent.Step.mean": {
            "value": 29988.0,
            "min": 9998.0,
            "max": 29988.0,
            "count": 3
        },
        "CustomAgent.Step.sum": {
            "value": 29988.0,
            "min": 9998.0,
            "max": 29988.0,
            "count": 3
        },
        "CustomAgent.Policy.ExtrinsicValueEstimate.mean": {
            "value": 0.06783875823020935,
            "min": 0.032196253538131714,
            "max": 0.06783875823020935,
            "count": 3
        },
        "CustomAgent.Policy.ExtrinsicValueEstimate.sum": {
            "value": 76.86131286621094,
            "min": 29.84592628479004,
            "max": 76.86131286621094,
            "count": 3
        },
        "CustomAgent.Environment.CumulativeReward.mean": {
            "value": 0.09620476610767872,
            "min": 0.05393743257820928,
            "max": 0.09620476610767872,
            "count": 3
        },
        "CustomAgent.Environment.CumulativeReward.sum": {
            "value": 109.0,
            "min": 50.0,
            "max": 109.0,
            "count": 3
        },
        "CustomAgent.Policy.ExtrinsicReward.mean": {
            "value": 0.09620476610767872,
            "min": 0.05393743257820928,
            "max": 0.09620476610767872,
            "count": 3
        },
        "CustomAgent.Policy.ExtrinsicReward.sum": {
            "value": 109.0,
            "min": 50.0,
            "max": 109.0,
            "count": 3
        },
        "CustomAgent.Losses.PolicyLoss.mean": {
            "value": 0.23989539736842866,
            "min": 0.23960461027344626,
            "max": 0.24415147551714034,
            "count": 3
        },
        "CustomAgent.Losses.PolicyLoss.sum": {
            "value": 22.550167352632293,
            "min": 22.283228755430503,
            "max": 22.95023869861119,
            "count": 3
        },
        "CustomAgent.Losses.ValueLoss.mean": {
            "value": 0.027333312627697125,
            "min": 0.022030436729888577,
            "max": 0.032462222000373284,
            "count": 3
        },
        "CustomAgent.Losses.ValueLoss.sum": {
            "value": 2.5693313870035297,
            "min": 2.0488306158796377,
            "max": 3.0514488680350884,
            "count": 3
        },
        "CustomAgent.Policy.LearningRate.mean": {
            "value": 0.0002850027752118425,
            "min": 0.0002850027752118425,
            "max": 0.0002969856461660753,
            "count": 3
        },
        "CustomAgent.Policy.LearningRate.sum": {
            "value": 0.026790260869913193,
            "min": 0.026790260869913193,
            "max": 0.027619665093445,
            "count": 3
        },
        "CustomAgent.Policy.Epsilon.mean": {
            "value": 0.19500092340425532,
            "min": 0.19500092340425532,
            "max": 0.19899521505376339,
            "count": 3
        },
        "CustomAgent.Policy.Epsilon.sum": {
            "value": 18.3300868,
            "min": 18.3300868,
            "max": 18.517167200000003,
            "count": 3
        },
        "CustomAgent.Policy.Beta.mean": {
            "value": 0.00047550452468085103,
            "min": 0.00047550452468085103,
            "max": 0.0004950765537634409,
            "count": 3
        },
        "CustomAgent.Policy.Beta.sum": {
            "value": 0.04469742532,
            "min": 0.04469742532,
            "max": 0.046042119500000006,
            "count": 3
        },
        "CustomAgent.IsTraining.mean": {
            "value": 1.0,
            "min": 1.0,
            "max": 1.0,
            "count": 3
        },
        "CustomAgent.IsTraining.sum": {
            "value": 1.0,
            "min": 1.0,
            "max": 1.0,
            "count": 3
        }
    },
    "metadata": {
        "timer_format_version": "0.1.0",
        "start_time_seconds": "1620730313",
        "python_version": "3.9.4 (tags/v3.9.4:1f2e308, Apr  6 2021, 13:40:21) [MSC v.1928 64 bit (AMD64)]",
        "command_line_arguments": "D:\\Tristan Macaulay\\Documents\\UnityProjects\\machine_learning\\venv\\Scripts\\mlagents-learn config\\custom_agent.YAML --run-id=test09",
        "mlagents_version": "0.26.0",
        "mlagents_envs_version": "0.26.0",
        "communication_protocol_version": "1.5.0",
        "pytorch_version": "1.8.1+cu111",
        "numpy_version": "1.20.2",
        "end_time_seconds": "1620730566"
    },
    "total": 252.9905733,
    "count": 1,
    "self": 0.004966400000029125,
    "children": {
        "run_training.setup": {
            "total": 0.12172470000000013,
            "count": 1,
            "self": 0.12172470000000013
        },
        "TrainerController.start_learning": {
            "total": 252.86388219999998,
            "count": 1,
            "self": 0.15461059999972804,
            "children": {
                "TrainerController._reset_env": {
                    "total": 11.428952599999999,
                    "count": 1,
                    "self": 11.428952599999999
                },
                "TrainerController.advance": {
                    "total": 241.07039420000024,
                    "count": 7107,
                    "self": 0.13613519999947243,
                    "children": {
                        "env_step": {
                            "total": 135.95130150000048,
                            "count": 7107,
                            "self": 123.10872590000014,
                            "children": {
                                "SubprocessEnvManager._take_step": {
                                    "total": 12.759744300000397,
                                    "count": 7107,
                                    "self": 0.25167120000078036,
                                    "children": {
                                        "TorchPolicy.evaluate": {
                                            "total": 12.508073099999617,
                                            "count": 3627,
                                            "self": 4.177205699999638,
                                            "children": {
                                                "TorchPolicy.sample_actions": {
                                                    "total": 8.33086739999998,
                                                    "count": 3627,
                                                    "self": 8.33086739999998
                                                }
                                            }
                                        }
                                    }
                                },
                                "workers": {
                                    "total": 0.08283129999994365,
                                    "count": 7106,
                                    "self": 0.0,
                                    "children": {
                                        "worker_root": {
                                            "total": 242.55053269999908,
                                            "count": 7106,
                                            "is_parallel": true,