{
    "name": "root",
    "gauges": {
        "CustomAgent.Policy.Entropy.mean": {
            "value": 1.1370645761489868,
            "min": 1.1370645761489868,
            "max": 1.4240622520446777,
            "count": 36
        },
        "CustomAgent.Policy.Entropy.sum": {
            "value": 11410.443359375,
            "min": 11110.14453125,
            "max": 15032.15625,
            "count": 36
        },
        "CustomAgent.Environment.EpisodeLength.mean": {
            "value": 537.0,
            "min": 128.5,
            "max": 4428.0,
            "count": 11
        },
        "CustomAgent.Environment.EpisodeLength.sum": {
            "value": 537.0,
            "min": 514.0,
            "max": 27702.0,
            "count": 11
        },
        "CustomAgent.Step.mean": {
            "value": 359991.0,
            "min": 9974.0,
            "max": 359991.0,
            "count": 36
        },
        "CustomAgent.Step.sum": {
            "value": 359991.0,
            "min": 9974.0,
            "max": 359991.0,
            "count": 36
        },
        "CustomAgent.Policy.ExtrinsicValueEstimate.mean": {
            "value": 0.0008090328192338347,
            "min": -0.7150270938873291,
            "max": 0.07977747917175293,
            "count": 36
        },
        "CustomAgent.Policy.ExtrinsicValueEstimate.sum": {
            "value": 0.12701815366744995,
            "min": -115.83438873291016,
            "max": 12.684618949890137,
            "count": 36
        },
        "CustomAgent.Environment.CumulativeReward.mean": {
            "value": 1.0,
            "min": 1.0,
            "max": 1.0,
            "count": 11
        },
        "CustomAgent.Environment.CumulativeReward.sum": {
            "value": 1.0,
            "min": 1.0,
            "max": 9.0,
            "count": 11
        },
        "CustomAgent.Policy.ExtrinsicReward.mean": {
            "value": 1.0,
            "min": 1.0,
            "max": 1.0,
            "count": 11
        },
        "CustomAgent.Policy.ExtrinsicReward.sum": {
            "value": 1.0,
            "min": 1.0,
            "max": 9.0,
            "count": 11
        },
        "CustomAgent.Losses.PolicyLoss.mean": {
            "value": 0.24311520114817164,
            "min": 0.23371055360529205,
            "max": 0.25420656402485703,
            "count": 36
        },
        "CustomAgent.Losses.PolicyLoss.sum": {
            "value": 15.316257672334814,
            "min": 8.618315712734825,
            "max": 17.408013187625603,
            "count": 36
        },
        "CustomAgent.Losses.ValueLoss.mean": {
            "value": 1.5910577298556627e-06,
            "min": 1.5910577298556627e-06,
            "max": 0.05322936111487546,
            "count": 36
        },
        "CustomAgent.Losses.ValueLoss.sum": {
            "value": 0.00010023663698090675,
            "min": 0.00010023663698090675,
            "max": 1.9162570001355166,
            "count": 36
        },
        "CustomAgent.Policy.LearningRate.mean": {
            "value": 8.700981385389525e-05,
            "min": 8.700981385389525e-05,
            "max": 0.00029663623445458885,
            "count": 36
        },
        "CustomAgent.Policy.LearningRate.sum": {
            "value": 0.005481618272795401,
            "min": 0.005481618272795401,
            "max": 0.017200748366417395,
            "count": 36
        },
        "CustomAgent.Policy.Epsilon.mean": {
            "value": 0.1290032476190476,
            "min": 0.1290032476190476,
            "max": 0.19887874444444448,
            "count": 36
        },
        "CustomAgent.Policy.Epsilon.sum": {
            "value": 8.127204599999999,
            "min": 7.159634800000001,
            "max": 12.567978400000001,
            "count": 36
        },
        "CustomAgent.Policy.Beta.mean": {
            "value": 0.0001521159133333334,
            "min": 0.0001521159133333334,
            "max": 0.0004945058477777778,
            "count": 36
        },
        "CustomAgent.Policy.Beta.sum": {
            "value": 0.009583302540000003,
            "min": 0.009583302540000003,
            "max": 0.02872455474,
            "count": 36
        },
        "CustomAgent.IsTraining.mean": {
            "value": 1.0,
            "min": 1.0,
            "max": 1.0,
            "count": 36
        },
        "CustomAgent.IsTraining.sum": {
            "value": 1.0,
            "min": 1.0,
            "max": 1.0,
            "count": 36
        }
    },
    "metadata": {
        "timer_format_version": "0.1.0",
        "start_time_seconds": "1620433973",
        "python_version": "3.9.4 (tags/v3.9.4:1f2e308, Apr  6 2021, 13:40:21) [MSC v.1928 64 bit (AMD64)]",
        "command_line_arguments": "D:\\Tristan Macaulay\\Documents\\UnityProjects\\machine_learning\\venv\\Scripts\\mlagents-learn config/custom_agent.yaml --run-id=test07",
        "mlagents_version": "0.26.0",
        "mlagents_envs_version": "0.26.0",
        "communication_protocol_version": "1.5.0",
        "pytorch_version": "1.7.1+cu110",
        "numpy_version": "1.20.2",
        "end_time_seconds": "1620435501"
    },
    "total": 1527.8079955,
    "count": 1,
    "self": 0.005186900000126116,
    "children": {
        "run_training.setup": {
            "total": 0.12021519999999986,
            "count": 1,
            "self": 0.12021519999999986
        },
        "TrainerController.start_learning": {
            "total": 1527.6825933999999,
            "count": 1,
            "self": 0.522022000001698,
            "children": {
                "TrainerController._reset_env": {
                    "total": 7.0991836,
                    "count": 1,
                    "self": 7.0991836
                },
                "TrainerController.advance": {
                    "total": 1519.9703463999979,
                    "count": 24722,
                    "self": 0.4907325999815839,
                    "children": {
                        "env_step": {
                            "total": 556.4463987000069,
                            "count": 24722,
                            "self": 483.73076000001015,
                            "children": {
                                "SubprocessEnvManager._take_step": {
                                    "total": 72.42759869999664,
                                    "count": 24722,
                                    "self": 1.6408671999952134,
                                    "children": {
                                        "TorchPolicy.evaluate": {
                                            "total": 70.78673150000142,
                                            "count": 24681,
                                            "self": 27.567480599993672,
                                            "children": {
                                                "TorchPolicy.sample_actions": {
                                                    "total": 43.21925090000775,
                                                    "count": 24681,
                                                    "self": 43.21925090000775
                                                }
                                            }
                                        }
                                    }
                                },
                                "workers": {
                                    "total": 0.28804000000006447,
                                    "count": 24721,
                                    "self": 0.0,
                                    "children": {
                                        "worker_root": {
                                            "total": 1521.1146104999964,
                                            "count": 24721,
                                            "is_parallel": true,
                                            "self": 1070.0766291999985,