{
    "name": "root",
    "metadata": {
        "timer_format_version": "0.1.0",
        "start_time_seconds": "1620729659",
        "python_version": "3.9.4 (tags/v3.9.4:1f2e308, Apr  6 2021, 13:40:21) [MSC v.1928 64 bit (AMD64)]",
        "command_line_arguments": "D:\\Tristan Macaulay\\Documents\\UnityProjects\\machine_learning\\venv\\Scripts\\mlagents-learn config\\custom_agent.YAML --run-id=test07",
        "mlagents_version": "0.26.0",
        "mlagents_envs_version": "0.26.0",
        "communication_protocol_version": "1.5.0",
        "pytorch_version": "1.8.1+cu111",
        "numpy_version": "1.20.2",
        "end_time_seconds": "1620729675"
    },
    "total": 16.057781199999997,
    "count": 1,
    "self": 0.005282899999997426,
    "children": {
        "run_training.setup": {
            "total": 0.31465980000000005,
            "count": 1,
            "self": 0.31465980000000005
        },
        "TrainerController.start_learning": {
            "total": 15.737838499999999,
            "count": 1,
            "self": 0.009182899999959915,
            "children": {
                "TrainerController._reset_env": {
                    "total": 5.3084083,
                    "count": 1,
                    "self": 5.3084083
                },
                "TrainerController.advance": {
                    "total": 10.266935100000033,
                    "count": 550,
                    "self": 0.008793500000063403,
                    "children": {
                        "env_step": {
                            "total": 9.051611999999981,
                            "count": 550,
                            "self": 7.122951099999993,
                            "children": {
                                "SubprocessEnvManager._take_step": {
                                    "total": 1.922931499999975,
                                    "count": 550,
                                    "self": 0.025840799999963693,
                                    "children": {
                                        "TorchPolicy.evaluate": {
                                            "total": 1.8970907000000112,
                                            "count": 511,
                                            "self": 0.559517799999993,
                                            "children": {
                                                "TorchPolicy.sample_actions": {
                                                    "total": 1.3375729000000183,
                                                    "count": 511,
                                                    "self": 1.3375729000000183
                                                }
                                            }
                                        }
                                    }
                                },
                                "workers": {
                                    "total": 0.005729400000013207,
                                    "count": 549,
                                    "self": 0.0,
                                    "children": {
                                        "worker_root": {
                                            "total": 11.71868600000001,
                                            "count": 549,
                                            "is_parallel": true,
                                            "self": 5.07944250000002,
                                            "children": {
                                                "steps_from_proto": {
                                                    "total": 0.0004928999999997963,
                                                    "count": 1,
                                                    "is_parallel": true,
                                                    "self": 0.00020970000000053446,
                                                    "children": {
                                                        "_process_rank_one_or_two_observation": {
                                                            "total": 0.0002831999999992618,
                                                            "count": 4,
                                                            "is_parallel": true,
                                                            "self": 0.0002831999999992618
                                                        }
                                                    }
                                                },
                                                "UnityEnvironment.step": {
                                                    "total": 6.638750599999991,
                                                    "count": 549,
                                                    "is_parallel": true,
                                                    "self": 0.03288179999994156,
                                                    "children": {
                                                        "UnityEnvironment._generate_step_input": {
                                                            "total": 0.07174910000002566,
                                                            "count": 549,
                                                            "is_parallel": true,
                                                            "self": 0.07174910000002566
                                                        },
                                                        "communicator.exchange": {
                                                            "total": 6.358831400000033,
                                                            "count": 549,
                                                            "is_parallel": true,
                                                            "self": 6.358831400000033
                                                        },
                                                        "steps_from_proto": {
                                                            "total": 0.1752882999999903,
                                                            "count": 549,
                                                            "is_parallel": true,
                                                            "self": 0.09198120000005527,
                                                            "children": {
                                                                "_process_rank_one_or_two_observation": {
                                                                    "total": 0.08330709999993502,
                                                                    "count": 2196,
                                                                    "is_parallel": true,
                                                                    "self": 0.08330709999993502
                                                                }
                                                            }
                                                        }
                                                    }
                                                }
                                            }
                                        }
                                    }
                                }
                            }
                        },
                        "trainer_advance": {
                            "total": 1.206529599999988,
                            "count": 549,
                            "self": 0.010194600000001053,
                            "children": {
                                "process_trajectory": {
                                    "total": 0.09757149999998838,
                                    "count": 549,
                                    "self": 0.09757149999998838
                                },