{
    "name": "root",
    "metadata": {
        "timer_format_version": "0.1.0",
        "start_time_seconds": "1620725370",
        "python_version": "3.9.4 (tags/v3.9.4:1f2e308, Apr  6 2021, 13:40:21) [MSC v.1928 64 bit (AMD64)]",
        "command_line_arguments": "D:\\Tristan Macaulay\\Documents\\UnityProjects\\machine_learning\\venv\\Scripts\\mlagents-learn config\\custom_agent.YAML --run-id=test02",
        "mlagents_version": "0.26.0",
        "mlagents_envs_version": "0.26.0",
        "communication_protocol_version": "1.5.0",
        "pytorch_version": "1.8.1+cu111",
        "numpy_version": "1.20.2",
        "end_time_seconds": "1620725457"
    },
    "total": 87.0891498,
    "count": 1,
    "self": 0.007821899999996162,
    "children": {
        "run_training.setup": {
            "total": 0.22319889999999987,
            "count": 1,
            "self": 0.22319889999999987
        },
        "TrainerController.start_learning": {
            "total": 86.858129,
            "count": 1,
            "self": 0.08137099999972008,
            "children": {
                "TrainerController._reset_env": {
                    "total": 5.951173900000001,
                    "count": 1,
                    "self": 5.951173900000001
                },
                "TrainerController.advance": {
                    "total": 80.4706097000003,
                    "count": 4673,
                    "self": 0.07630130000038093,
                    "children": {
                        "env_step": {
                            "total": 68.94419229999988,
                            "count": 4673,
                            "self": 54.32928419999922,
                            "children": {
                                "SubprocessEnvManager._take_step": {
                                    "total": 14.565833500000387,
                                    "count": 4673,
                                    "self": 0.22252300000035596,
                                    "children": {
                                        "TorchPolicy.evaluate": {
                                            "total": 14.343310500000031,
                                            "count": 4424,
                                            "self": 4.75509420000005,
                                            "children": {
                                                "TorchPolicy.sample_actions": {
                                                    "total": 9.588216299999981,
                                                    "count": 4424,
                                                    "self": 9.588216299999981
                                                }
                                            }
                                        }
                                    }
                                },
                                "workers": {
                                    "total": 0.04907460000027708,
                                    "count": 4672,
                                    "self": 0.0,
                                    "children": {
                                        "worker_root": {
                                            "total": 82.15574909999998,
                                            "count": 4672,
                                            "is_parallel": true,
                                            "self": 31.85510949999999,
                                            "children": {
                                                "steps_from_proto": {
                                                    "total": 0.0006501999999999342,
                                                    "count": 1,
                                                    "is_parallel": true,
                                                    "self": 0.0003067999999997184,
                                                    "children": {
                                                        "_process_rank_one_or_two_observation": {
                                                            "total": 0.00034340000000021575,
                                                            "count": 4,
                                                            "is_parallel": true,
                                                            "self": 0.00034340000000021575
                                                        }
                                                    }
                                                },
                                                "UnityEnvironment.step": {
                                                    "total": 50.29998939999999,
                                                    "count": 4672,
                                                    "is_parallel": true,
                                                    "self": 0.2740014999994571,
                                                    "children": {
                                                        "UnityEnvironment._generate_step_input": {
                                                            "total": 0.6251125000005588,
                                                            "count": 4672,
                                                            "is_parallel": true,
                                                            "self": 0.6251125000005588
                                                        },
                                                        "communicator.exchange": {
                                                            "total": 48.0077651000001,
                                                            "count": 4672,
                                                            "is_parallel": true,
                                                            "self": 48.0077651000001
                                                        },
                                                        "steps_from_proto": {
                                                            "total": 1.3931102999998668,
                                                            "count": 4672,
                                                            "is_parallel": true,
                                                            "self": 0.794835199999711,
                                                            "children": {
                                                                "_process_rank_one_or_two_observation": {
                                                                    "total": 0.5982751000001558,
                                                                    "count": 18688,
                                                                    "is_parallel": true,
                                                                    "self": 0.5982751000001558
                                                                }
                                                            }
                                                        }
                                                    }
                                                }
                                            }
                                        }
                                    }
                                }
                            }
                        },
                        "trainer_advance": {
                            "total": 11.450116100000024,
                            "count": 4672,
                            "self": 0.09287719999984034,
                            "children": {
                                "process_trajectory": {
                                    "total": 0.6852801000001572,
                                    "count": 4672,
                                    "self": 0.6852801000001572
                                },