{
    "name": "root",
    "gauges": {
        "CustomAgent.Policy.Entropy.mean": {
            "value": 1.3690441846847534,
            "min": 1.3690441846847534,
            "max": 1.39863121509552,
            "count": 2
        },
        "CustomAgent.Policy.Entropy.sum": {
            "value": 13663.060546875,
            "min": 13663.060546875,
            "max": 14015.68359375,
            "count": 2
        },
        "CustomAgent.Environment.EpisodeLength.mean": {
            "value": 14.167173252279635,
            "min": 14.167173252279635,
            "max": 14.830963665086887,
            "count": 2
        },
        "CustomAgent.Environment.EpisodeLength.sum": {
            "value": 9322.0,
            "min": 9322.0,
            "max": 9388.0,
            "count": 2
        },
        "CustomAgent.Step.mean": {
            "value": 19947.0,
            "min": 9996.0,
            "max": 19947.0,
            "count": 2
        },
        "CustomAgent.Step.sum": {
            "value": 19947.0,
            "min": 9996.0,
            "max": 19947.0,
            "count": 2
        },
        "CustomAgent.Policy.ExtrinsicValueEstimate.mean": {
            "value": 0.7229161858558655,
            "min": 0.3898542523384094,
            "max": 0.7229161858558655,
            "count": 2
        },
        "CustomAgent.Policy.ExtrinsicValueEstimate.sum": {
            "value": 495.9205017089844,
            "min": 251.84585571289062,
            "max": 495.9205017089844,
            "count": 2
        },
        "CustomAgent.Environment.CumulativeReward.mean": {
            "value": 0.7735562310030395,
            "min": 0.4572784810126582,
            "max": 0.7735562310030395,
            "count": 2
        },
        "CustomAgent.Environment.CumulativeReward.sum": {
            "value": 509.0,
            "min": 289.0,
            "max": 509.0,
            "count": 2
        },
        "CustomAgent.Policy.ExtrinsicReward.mean": {
            "value": 0.7735562310030395,
            "min": 0.4572784810126582,
            "max": 0.7735562310030395,
            "count": 2
        },
        "CustomAgent.Policy.ExtrinsicReward.sum": {
            "value": 509.0,
            "min": 289.0,
            "max": 509.0,
            "count": 2
        },
        "CustomAgent.Losses.PolicyLoss.mean": {
            "value": 0.24285032664320735,
            "min": 0.24285032664320735,
            "max": 0.24750900769653417,
            "count": 2
        },
        "CustomAgent.Losses.PolicyLoss.sum": {
            "value": 21.12797841795904,
            "min": 21.12797841795904,
            "max": 22.02830168499154,
            "count": 2
        },
        "CustomAgent.Losses.ValueLoss.mean": {
            "value": 0.03965095655342917,
            "min": 0.03965095655342917,
            "max": 0.10806864381934281,
            "count": 2
        },
        "CustomAgent.Losses.ValueLoss.sum": {
            "value": 3.4496332201483377,
            "min": 3.4496332201483377,
            "max": 9.61810929992151,
            "count": 2
        },
        "CustomAgent.Policy.LearningRate.mean": {
            "value": 0.0002910273271288229,
            "min": 0.0002910273271288229,
            "max": 0.0002969865852741348,
            "count": 2
        },
        "CustomAgent.Policy.LearningRate.sum": {
            "value": 0.025319377460207595,
            "min": 0.025319377460207595,
            "max": 0.026431806089397998,
            "count": 2
        },
        "CustomAgent.Policy.Epsilon.mean": {
            "value": 0.197009108045977,
            "min": 0.197009108045977,
            "max": 0.19899552808988763,
            "count": 2
        },
        "CustomAgent.Policy.Epsilon.sum": {
            "value": 17.139792399999997,
            "min": 17.139792399999997,
            "max": 17.710601999999998,
            "count": 2
        },
        "CustomAgent.Policy.Beta.mean": {
            "value": 0.0004853446294252873,
            "min": 0.0004853446294252873,
            "max": 0.0004950780876404494,
            "count": 2
        },
        "CustomAgent.Policy.Beta.sum": {
            "value": 0.042224982759999995,
            "min": 0.042224982759999995,
            "max": 0.0440619498,
            "count": 2
        },
        "CustomAgent.IsTraining.mean": {
            "value": 1.0,
            "min": 1.0,
            "max": 1.0,
            "count": 2
        },
        "CustomAgent.IsTraining.sum": {
            "value": 1.0,
            "min": 1.0,
            "max": 1.0,
            "count": 2
        }
    },
    "metadata": {
        "timer_format_version": "0.1.0",
        "start_time_seconds": "1620430118",
        "python_version": "3.9.4 (tags/v3.9.4:1f2e308, Apr  6 2021, 13:40:21) [MSC v.1928 64 bit (AMD64)]",
        "command_line_arguments": "D:\\Tristan Macaulay\\Documents\\UnityProjects\\machine_learning\\venv\\Scripts\\mlagents-learn config/custom_agent.yaml --run-id=test02",
        "mlagents_version": "0.26.0",
        "mlagents_envs_version": "0.26.0",
        "communication_protocol_version": "1.5.0",
        "pytorch_version": "1.7.1+cu110",
        "numpy_version": "1.20.2",
        "end_time_seconds": "1620430992"
    },
    "total": 874.6851232,
    "count": 1,
    "self": 0.006182700000067598,
    "children": {
        "run_training.setup": {
            "total": 0.12299290000000007,
            "count": 1,
            "self": 0.12299290000000007
        },
        "TrainerController.start_learning": {
            "total": 874.5559476,
            "count": 1,
            "self": 0.5576044999984333,
            "children": {
                "TrainerController._reset_env": {
                    "total": 6.5859936,
                    "count": 1,
                    "self": 6.5859936
                },
                "TrainerController.advance": {
                    "total": 867.3226966000014,
                    "count": 29750,
                    "self": 0.5470280999940087,
                    "children": {
                        "env_step": {
                            "total": 790.7186661999964,
                            "count": 29750,
                            "self": 708.7072524000073,
                            "children": {
                                "SubprocessEnvManager._take_step": {
                                    "total": 81.66842449998637,
                                    "count": 29750,
                                    "self": 1.593872899996569,
                                    "children": {
                                        "TorchPolicy.evaluate": {
                                            "total": 80.0745515999898,
                                            "count": 28232,
                                            "self": 31.373972799982546,
                                            "children": {
                                                "TorchPolicy.sample_actions": {
                                                    "total": 48.70057880000726,
                                                    "count": 28232,
                                                    "self": 48.70057880000726
                                                }
                                            }
                                        }
                                    }
                                },
                                "workers": {
                                    "total": 0.34298930000275263,
                                    "count": 29749,
                                    "self": 0.0,
                                    "children": {
                                        "worker_root": {
                                            "total": 868.3968036999979,
                                            "count": 29749,
                                            "is_parallel": true,