{
    "name": "root",
    "gauges": {
        "CustomAgent.Policy.Entropy.mean": {
            "value": 0.2232506275177002,
            "min": 0.18064069747924805,
            "max": 1.1351155042648315,
            "count": 25
        },
        "CustomAgent.Policy.Entropy.sum": {
            "value": 2218.21826171875,
            "min": 1827.361328125,
            "max": 5507.71533203125,
            "count": 25
        },
        "CustomAgent.Environment.EpisodeLength.mean": {
            "value": 10.663551401869158,
            "min": 5.761240310077519,
            "max": 25.1046511627907,
            "count": 25
        },
        "CustomAgent.Environment.EpisodeLength.sum": {
            "value": 5705.0,
            "min": 1466.0,
            "max": 12204.0,
            "count": 25
        },
        "CustomAgent.Step.mean": {
            "value": 249957.0,
            "min": 9991.0,
            "max": 249957.0,
            "count": 25
        },
        "CustomAgent.Step.sum": {
            "value": 249957.0,
            "min": 9991.0,
            "max": 249957.0,
            "count": 25
        },
        "CustomAgent.Policy.ExtrinsicValueEstimate.mean": {
            "value": 0.8765701055526733,
            "min": 0.8678770661354065,
            "max": 0.9576809406280518,
            "count": 25
        },
        "CustomAgent.Policy.ExtrinsicValueEstimate.sum": {
            "value": 522.435791015625,
            "min": 144.91162109375,
            "max": 1289.03857421875,
            "count": 25
        },
        "CustomAgent.Environment.CumulativeReward.mean": {
            "value": 1.0,
            "min": 1.0,
            "max": 1.0,
            "count": 25
        },
        "CustomAgent.Environment.CumulativeReward.sum": {
            "value": 536.0,
            "min": 157.0,
            "max": 1290.0,
            "count": 25
        },
        "CustomAgent.Policy.ExtrinsicReward.mean": {
            "value": 1.0,
            "min": 1.0,
            "max": 1.0,
            "count": 25
        },
        "CustomAgent.Policy.ExtrinsicReward.sum": {
            "value": 536.0,
            "min": 157.0,
            "max": 1290.0,
            "count": 25
        },
        "CustomAgent.Losses.PolicyLoss.mean": {
            "value": 0.23791039905301306,
            "min": 0.23714945561207965,
            "max": 0.25339113948093267,
            "count": 25
        },
        "CustomAgent.Losses.PolicyLoss.sum": {
            "value": 20.22238391950611,
            "min": 3.4495987080864454,
            "max": 22.298420274322076,
            "count": 25
        },
        "CustomAgent.Losses.ValueLoss.mean": {
            "value": 0.0017846741021457903,
            "min": 0.000915383911028203,
            "max": 0.008876055857553576,
            "count": 25
        },
        "CustomAgent.Losses.ValueLoss.sum": {
            "value": 0.15169729868239218,
            "min": 0.08055378417048187,
            "max": 0.727349089307685,
            "count": 25
        },
        "CustomAgent.Policy.LearningRate.mean": {
            "value": 0.00022649997861766237,
            "min": 0.00022649997861766237,
            "max": 0.00029722853663810713,
            "count": 25
        },
        "CustomAgent.Policy.LearningRate.sum": {
            "value": 0.019252498182501302,
            "min": 0.0041611995129334995,
            "max": 0.0248296840234387,
            "count": 25
        },
        "CustomAgent.Policy.Epsilon.mean": {
            "value": 0.17549998470588238,
            "min": 0.17549998470588238,
            "max": 0.1990761785714286,
            "count": 25
        },
        "CustomAgent.Policy.Epsilon.sum": {
            "value": 14.917498700000003,
            "min": 2.7870665000000003,
            "max": 16.921094800000002,
            "count": 25
        },
        "CustomAgent.Policy.Beta.mean": {
            "value": 0.0003799499250588235,
            "min": 0.0003799499250588235,
            "max": 0.000495473275,
            "count": 25
        },
        "CustomAgent.Policy.Beta.sum": {
            "value": 0.03229574363,
            "min": 0.006936625849999999,
            "max": 0.041395150369999995,
            "count": 25
        },
        "CustomAgent.IsTraining.mean": {
            "value": 1.0,
            "min": 1.0,
            "max": 1.0,
            "count": 25
        },
        "CustomAgent.IsTraining.sum": {
            "value": 1.0,
            "min": 1.0,
            "max": 1.0,
            "count": 25
        }
    },
    "metadata": {
        "timer_format_version": "0.1.0",
        "start_time_seconds": "1621546166",
        "python_version": "3.9.2 (tags/v3.9.2:1a79785, Feb 19 2021, 13:44:55) [MSC v.1928 64 bit (AMD64)]",
        "command_line_arguments": "C:\\Users\\trist\\Documents\\UnityProjects\\ml_agents\\venv\\Scripts\\mlagents-learn config/custom_agent.yaml --run-id=test01 --resume",
        "mlagents_version": "0.26.0",
        "mlagents_envs_version": "0.26.0",
        "communication_protocol_version": "1.5.0",
        "pytorch_version": "1.7.1+cu110",
        "numpy_version": "1.20.2",
        "end_time_seconds": "1621547632"
    },
    "total": 1466.3326883000002,
    "count": 1,
    "self": 0.01188159999992422,
    "children": {
        "run_training.setup": {
            "total": 0.09741259999999996,
            "count": 1,
            "self": 0.09741259999999996
        },
        "TrainerController.start_learning": {
            "total": 1466.2233941000002,
            "count": 1,
            "self": 1.248530500007746,
            "children": {
                "TrainerController._reset_env": {
                    "total": 6.0279933,
                    "count": 1,
                    "self": 6.0279933
                },
                "TrainerController.advance": {
                    "total": 1458.7619697999924,
                    "count": 42040,
                    "self": 1.2062169999755952,
                    "children": {
                        "env_step": {
                            "total": 958.4020672000036,
                            "count": 42040,
                            "self": 912.7821028000064,
                            "children": {
                                "SubprocessEnvManager._take_step": {
                                    "total": 44.845458199997765,
                                    "count": 42040,
                                    "self": 2.1202289000096926,
                                    "children": {
                                        "TorchPolicy.evaluate": {
                                            "total": 42.72522929998807,
                                            "count": 27947,
                                            "self": 10.789548799974103,
                                            "children": {
                                                "TorchPolicy.sample_actions": {
                                                    "total": 31.93568050001397,
                                                    "count": 27947,
                                                    "self": 31.93568050001397
                                                }
                                            }
                                        }
                                    }
                                },
                                "workers": {
                                    "total": 0.774506199999391,
                                    "count": 42039,
                                    "self": 0.0,
                                    "children": {
                                        "worker_root": {
                                            "total": 1458.122644100004,
                                            "count": 42039,
                                            "is_parallel": true,
                                            "self": 609.725142900002,