{
    "name": "root",
    "metadata": {
        "timer_format_version": "0.1.0",
        "start_time_seconds": "1620729206",
        "python_version": "3.9.4 (tags/v3.9.4:1f2e308, Apr  6 2021, 13:40:21) [MSC v.1928 64 bit (AMD64)]",
        "command_line_arguments": "D:\\Tristan Macaulay\\Documents\\UnityProjects\\machine_learning\\venv\\Scripts\\mlagents-learn config\\custom_agent.YAML --run-id=test06",
        "mlagents_version": "0.26.0",
        "mlagents_envs_version": "0.26.0",
        "communication_protocol_version": "1.5.0",
        "pytorch_version": "1.8.1+cu111",
        "numpy_version": "1.20.2",
        "end_time_seconds": "1620729271"
    },
    "total": 65.0165985,
    "count": 1,
    "self": 0.00488350000000537,
    "children": {
        "run_training.setup": {
            "total": 0.12066090000000007,
            "count": 1,
            "self": 0.12066090000000007
        },
        "TrainerController.start_learning": {
            "total": 64.89105409999999,
            "count": 1,
            "self": 0.029302200000103085,
            "children": {
                "TrainerController._reset_env": {
                    "total": 6.826587,
                    "count": 1,
                    "self": 6.826587
                },
                "TrainerController.advance": {
                    "total": 57.87993669999989,
                    "count": 1364,
                    "self": 0.023981499999713662,
                    "children": {
                        "env_step": {
                            "total": 32.99164550000009,
                            "count": 1364,
                            "self": 31.62577890000023,
                            "children": {
                                "SubprocessEnvManager._take_step": {
                                    "total": 1.3508424999999633,
                                    "count": 1364,
                                    "self": 0.028044299999951505,
                                    "children": {
                                        "TorchPolicy.evaluate": {
                                            "total": 1.3227982000000118,
                                            "count": 312,
                                            "self": 0.34006590000010384,
                                            "children": {
                                                "TorchPolicy.sample_actions": {
                                                    "total": 0.982732299999908,
                                                    "count": 312,
                                                    "self": 0.982732299999908
                                                }
                                            }
                                        }
                                    }
                                },
                                "workers": {
                                    "total": 0.015024099999894958,
                                    "count": 1363,
                                    "self": 0.0,
                                    "children": {
                                        "worker_root": {
                                            "total": 59.67806240000001,
                                            "count": 1363,
                                            "is_parallel": true,
                                            "self": 29.414341900000114,
                                            "children": {
                                                "steps_from_proto": {
                                                    "total": 0.0017798999999998344,
                                                    "count": 1,
                                                    "is_parallel": true,
                                                    "self": 0.0004118999999995765,
                                                    "children": {
                                                        "_process_rank_one_or_two_observation": {
                                                            "total": 0.001368000000000258,
                                                            "count": 4,
                                                            "is_parallel": true,
                                                            "self": 0.001368000000000258
                                                        }
                                                    }
                                                },
                                                "UnityEnvironment.step": {
                                                    "total": 30.261940599999896,
                                                    "count": 1363,
                                                    "is_parallel": true,
                                                    "self": 0.13370050000001044,
                                                    "children": {
                                                        "UnityEnvironment._generate_step_input": {
                                                            "total": 0.4128543999999872,
                                                            "count": 1363,
                                                            "is_parallel": true,
                                                            "self": 0.4128543999999872
                                                        },
                                                        "communicator.exchange": {
                                                            "total": 29.010903999999798,
                                                            "count": 1363,
                                                            "is_parallel": true,
                                                            "self": 29.010903999999798
                                                        },
                                                        "steps_from_proto": {
                                                            "total": 0.7044817000001027,
                                                            "count": 1363,
                                                            "is_parallel": true,
                                                            "self": 0.20427610000038232,
                                                            "children": {
                                                                "_process_rank_one_or_two_observation": {
                                                                    "total": 0.5002055999997204,
                                                                    "count": 5452,
                                                                    "is_parallel": true,
                                                                    "self": 0.5002055999997204
                                                                }
                                                            }
                                                        }
                                                    }
                                                }
                                            }
                                        }
                                    }
                                }
                            }
                        },
                        "trainer_advance": {
                            "total": 24.864309700000085,
                            "count": 1363,
                            "self": 0.02987350000017841,
                            "children": {
                                "process_trajectory": {
                                    "total": 2.9721753999998803,
                                    "count": 1363,
                                    "self": 2.9721753999998803
                                },