{
    "name": "root",
    "gauges": {
        "CustomAgent.Policy.Entropy.mean": {
            "value": 1.8234468698501587,
            "min": 1.8234468698501587,
            "max": 2.6266324520111084,
            "count": 7
        },
        "CustomAgent.Policy.Entropy.sum": {
            "value": 18216.234375,
            "min": 18216.234375,
            "max": 26423.921875,
            "count": 7
        },
        "CustomAgent.Environment.EpisodeLength.mean": {
            "value": 4.016056196688409,
            "min": 3.902893575282001,
            "max": 7.412111017661901,
            "count": 7
        },
        "CustomAgent.Environment.EpisodeLength.sum": {
            "value": 8004.0,
            "min": 7958.0,
            "max": 8813.0,
            "count": 7
        },
        "CustomAgent.Step.mean": {
            "value": 69997.0,
            "min": 9999.0,
            "max": 69997.0,
            "count": 7
        },
        "CustomAgent.Step.sum": {
            "value": 69997.0,
            "min": 9999.0,
            "max": 69997.0,
            "count": 7
        },
        "CustomAgent.Policy.ExtrinsicValueEstimate.mean": {
            "value": 0.00022742377768736333,
            "min": 8.750725100981072e-05,
            "max": 0.002358275232836604,
            "count": 7
        },
        "CustomAgent.Policy.ExtrinsicValueEstimate.sum": {
            "value": 0.4532555937767029,
            "min": 0.14849980175495148,
            "max": 2.801630973815918,
            "count": 7
        },
        "CustomAgent.Environment.CumulativeReward.mean": {
            "value": 0.0,
            "min": 0.0,
            "max": 0.012626262626262626,
            "count": 7
        },
        "CustomAgent.Environment.CumulativeReward.sum": {
            "value": 0.0,
            "min": 0.0,
            "max": 15.0,
            "count": 7
        },
        "CustomAgent.Policy.ExtrinsicReward.mean": {
            "value": 0.0,
            "min": 0.0,
            "max": 0.012626262626262626,
            "count": 7
        },
        "CustomAgent.Policy.ExtrinsicReward.sum": {
            "value": 0.0,
            "min": 0.0,
            "max": 15.0,
            "count": 7
        },
        "CustomAgent.Losses.PolicyLoss.mean": {
            "value": 0.2422989865897568,
            "min": 0.2285711328886841,
            "max": 0.2422989865897568,
            "count": 7
        },
        "CustomAgent.Losses.PolicyLoss.sum": {
            "value": 23.018403726026897,
            "min": 21.71425762442499,
            "max": 23.018403726026897,
            "count": 7
        },
        "CustomAgent.Losses.ValueLoss.mean": {
            "value": 8.651437808976309e-06,
            "min": 8.651437808976309e-06,
            "max": 0.007229567176975055,
            "count": 7
        },
        "CustomAgent.Losses.ValueLoss.sum": {
            "value": 0.0008218865918527493,
            "min": 0.0008218865918527493,
            "max": 0.6723497474586801,
            "count": 7
        },
        "CustomAgent.Policy.LearningRate.mean": {
            "value": 0.0002609913287923684,
            "min": 0.0002609913287923684,
            "max": 0.000296962330044815,
            "count": 7
        },
        "CustomAgent.Policy.LearningRate.sum": {
            "value": 0.024794176235275,
            "min": 0.024794176235275,
            "max": 0.0276447890850704,
            "count": 7
        },
        "CustomAgent.Policy.Epsilon.mean": {
            "value": 0.18699710526315785,
            "min": 0.18699710526315785,
            "max": 0.19898744301075272,
            "count": 7
        },
        "CustomAgent.Policy.Epsilon.sum": {
            "value": 17.764724999999995,
            "min": 17.764724999999995,
            "max": 18.714929599999998,
            "count": 7
        },
        "CustomAgent.Policy.Beta.mean": {
            "value": 0.0004362858157894737,
            "min": 0.0004362858157894737,
            "max": 0.0004950384707526882,
            "count": 7
        },
        "CustomAgent.Policy.Beta.sum": {
            "value": 0.0414471525,
            "min": 0.0414471525,
            "max": 0.04610315504,
            "count": 7
        },
        "CustomAgent.IsTraining.mean": {
            "value": 1.0,
            "min": 1.0,
            "max": 1.0,
            "count": 7
        },
        "CustomAgent.IsTraining.sum": {
            "value": 1.0,
            "min": 1.0,
            "max": 1.0,
            "count": 7
        }
    },
    "metadata": {
        "timer_format_version": "0.1.0",
        "start_time_seconds": "1620729728",
        "python_version": "3.9.4 (tags/v3.9.4:1f2e308, Apr  6 2021, 13:40:21) [MSC v.1928 64 bit (AMD64)]",
        "command_line_arguments": "D:\\Tristan Macaulay\\Documents\\UnityProjects\\machine_learning\\venv\\Scripts\\mlagents-learn config\\custom_agent.YAML --run-id=test08",
        "mlagents_version": "0.26.0",
        "mlagents_envs_version": "0.26.0",
        "communication_protocol_version": "1.5.0",
        "pytorch_version": "1.8.1+cu111",
        "numpy_version": "1.20.2",
        "end_time_seconds": "1620730289"
    },
    "total": 560.9405476999999,
    "count": 1,
    "self": 0.004765399999882902,
    "children": {
        "run_training.setup": {
            "total": 0.11726349999999996,
            "count": 1,
            "self": 0.11726349999999996
        },
        "TrainerController.start_learning": {
            "total": 560.8185188,
            "count": 1,
            "self": 0.3723784000046635,
            "children": {
                "TrainerController._reset_env": {
                    "total": 10.3141729,
                    "count": 1,
                    "self": 10.3141729
                },
                "TrainerController.advance": {
                    "total": 549.9561027999953,
                    "count": 17690,
                    "self": 0.34719969999309797,
                    "children": {
                        "env_step": {
                            "total": 309.40738730000214,
                            "count": 17690,
                            "self": 281.5659402999982,
                            "children": {
                                "SubprocessEnvManager._take_step": {
                                    "total": 27.633004800007782,
                                    "count": 17690,
                                    "self": 0.5647681000097542,
                                    "children": {
                                        "TorchPolicy.evaluate": {
                                            "total": 27.068236699998028,
                                            "count": 7774,
                                            "self": 9.093580199996499,
                                            "children": {
                                                "TorchPolicy.sample_actions": {
                                                    "total": 17.97465650000153,
                                                    "count": 7774,
                                                    "self": 17.97465650000153
                                                }
                                            }
                                        }
                                    }
                                },
                                "workers": {
                                    "total": 0.20844219999617053,
                                    "count": 17689,
                                    "self": 0.0,
                                    "children": {
                                        "worker_root": {
                                            "total": 551.293037600002,
                                            "count": 17689,
                                            "is_parallel": true,
                                            "self": 287.6602628000033,