{"count":1,"self":35.027968,"total":35.3210605,"children":{"InitializeActuators":{"count":2,"self":0.0020023,"total":0.0020023,"children":null},"InitializeSensors":{"count":2,"self":0.0024998999999999998,"total":0.0024998999999999998,"children":null},"AgentSendState":{"count":1527,"self":0.0285428,"total":0.0395526,"children":{"CollectObservations":{"count":306,"self":0.00050139999999999994,"total":0.00050139999999999994,"children":null},"WriteActionMask":{"count":306,"self":0.0010012999999999999,"total":0.0010012999999999999,"children":null},"RequestDecision":{"count":306,"self":0.0095071,"total":0.0095071,"children":null}}},"DecideAction":{"count":1527,"self":0.2355233,"total":0.23652689999999998,"children":{"RayPerceptionSensor.Perceive":{"count":306,"self":0.0010035999999999999,"total":0.0010035999999999999,"children":null}}},"AgentAct":{"count":1527,"self":0.012010999999999999,"total":0.012010999999999999,"children":null}},"gauges":{"CustomAgent.CumulativeReward":{"count":108,"max":2,"min":1,"runningAverage":1.02777767,"value":2,"weightedAverage":1.25598407}},"metadata":{"timer_format_version":"0.1.0","start_time_seconds":"1621552193","unity_version":"2020.2.6f1","command_line_arguments":"C:\\Program Files\\Unity\\Hub\\Editor\\2020.2.6f1\\Editor\\Unity.exe -projectpath C:\/Users\/trist\/Documents\/UnityProjects\/mlagents-assignment2 -useHub -hubIPC -cloudEnvironment production -hubSessionId 2cf2dc60-b8e4-11eb-929b-77aae7b12642 -accessToken 8DN-JWXnIf2lEG7SODdsyz4iwls2VB1PK4AQWc-_r6I00ff","communication_protocol_version":"1.5.0","com.unity.ml-agents_version":"2.0.0-exp.1","scene_name":"SampleScene","end_time_seconds":"1621552228"}}