{
    "name": "root",
    "gauges": {
        "CustomAgent.Policy.Entropy.mean": {
            "value": 1.0552061796188354,
            "min": 1.0552061796188354,
            "max": 1.4316954612731934,
            "count": 50
        },
        "CustomAgent.Policy.Entropy.sum": {
            "value": 10573.166015625,
            "min": 10513.77734375,
            "max": 15416.078125,
            "count": 50
        },
        "CustomAgent.Environment.EpisodeLength.mean": {
            "value": 6.029577464788733,
            "min": 5.979064898813678,
            "max": 91.32380952380953,
            "count": 50
        },
        "CustomAgent.Environment.EpisodeLength.sum": {
            "value": 8562.0,
            "min": 8562.0,
            "max": 10693.0,
            "count": 50
        },
        "CustomAgent.Step.mean": {
            "value": 499997.0,
            "min": 9954.0,
            "max": 499997.0,
            "count": 50
        },
        "CustomAgent.Step.sum": {
            "value": 499997.0,
            "min": 9954.0,
            "max": 499997.0,
            "count": 50
        },
        "CustomAgent.Policy.ExtrinsicValueEstimate.mean": {
            "value": 0.9662785530090332,
            "min": 0.20434226095676422,
            "max": 0.9673888087272644,
            "count": 50
        },
        "CustomAgent.Policy.ExtrinsicValueEstimate.sum": {
            "value": 1373.081787109375,
            "min": 41.277137756347656,
            "max": 1382.79931640625,
            "count": 50
        },
        "CustomAgent.Environment.CumulativeReward.mean": {
            "value": 0.9964813511611541,
            "min": 0.29292929292929293,
            "max": 0.9978525411596277,
            "count": 50
        },
        "CustomAgent.Environment.CumulativeReward.sum": {
            "value": 1416.0,
            "min": 29.0,
            "max": 1426.0,
            "count": 50
        },
        "CustomAgent.Policy.ExtrinsicReward.mean": {
            "value": 0.9964813511611541,
            "min": 0.29292929292929293,
            "max": 0.9978525411596277,
            "count": 50
        },
        "CustomAgent.Policy.ExtrinsicReward.sum": {
            "value": 1416.0,
            "min": 29.0,
            "max": 1426.0,
            "count": 50
        },
        "CustomAgent.Losses.PolicyLoss.mean": {
            "value": 0.24137446021990697,
            "min": 0.23290209449413568,
            "max": 0.25010800309707576,
            "count": 50
        },
        "CustomAgent.Losses.PolicyLoss.sum": {
            "value": 22.689199260671256,
            "min": 15.68060192796879,
            "max": 23.345026505417884,
            "count": 50
        },
        "CustomAgent.Losses.ValueLoss.mean": {
            "value": 0.003602381653033254,
            "min": 0.0011534236007363261,
            "max": 0.06398597858181315,
            "count": 50
        },
        "CustomAgent.Losses.ValueLoss.sum": {
            "value": 0.3386238753851259,
            "min": 0.10842181846921466,
            "max": 4.031116650654228,
            "count": 50
        },
        "CustomAgent.Policy.LearningRate.mean": {
            "value": 2.971650073312765e-06,
            "min": 2.971650073312765e-06,
            "max": 0.00029676769631553016,
            "count": 50
        },
        "CustomAgent.Policy.LearningRate.sum": {
            "value": 0.00027933510689139994,
            "min": 0.00027933510689139994,
            "max": 0.022690788736404194,
            "count": 50
        },
        "CustomAgent.Policy.Epsilon.mean": {
            "value": 0.10099051702127661,
            "min": 0.10099051702127661,
            "max": 0.19892256507936507,
            "count": 50
        },
        "CustomAgent.Policy.Epsilon.sum": {
            "value": 9.493108600000001,
            "min": 9.493108600000001,
            "max": 16.467798600000002,
            "count": 50
        },
        "CustomAgent.Policy.Beta.mean": {
            "value": 1.4853533404255317e-05,
            "min": 1.4853533404255317e-05,
            "max": 0.0004947205688888888,
            "count": 50
        },
        "CustomAgent.Policy.Beta.sum": {
            "value": 0.0013962321399999997,
            "min": 0.0013962321399999997,
            "max": 0.03795161942,
            "count": 50
        },
        "CustomAgent.IsTraining.mean": {
            "value": 1.0,
            "min": 1.0,
            "max": 1.0,
            "count": 50
        },
        "CustomAgent.IsTraining.sum": {
            "value": 1.0,
            "min": 1.0,
            "max": 1.0,
            "count": 50
        }
    },
    "metadata": {
        "timer_format_version": "0.1.0",
        "start_time_seconds": "1620436068",
        "python_version": "3.9.4 (tags/v3.9.4:1f2e308, Apr  6 2021, 13:40:21) [MSC v.1928 64 bit (AMD64)]",
        "command_line_arguments": "D:\\Tristan Macaulay\\Documents\\UnityProjects\\machine_learning\\venv\\Scripts\\mlagents-learn config/custom_agent.yaml --run-id=test12",
        "mlagents_version": "0.26.0",
        "mlagents_envs_version": "0.26.0",
        "communication_protocol_version": "1.5.0",
        "pytorch_version": "1.7.1+cu110",
        "numpy_version": "1.20.2",
        "end_time_seconds": "1620438202"
    },
    "total": 2134.2589605,
    "count": 1,
    "self": 0.008122699999603356,
    "children": {
        "run_training.setup": {
            "total": 0.11340220000000012,
            "count": 1,
            "self": 0.11340220000000012
        },
        "TrainerController.start_learning": {
            "total": 2134.1374356,
            "count": 1,
            "self": 1.407459399999425,
            "children": {
                "TrainerController._reset_env": {
                    "total": 33.7221036,
                    "count": 1,
                    "self": 33.7221036
                },
                "TrainerController.advance": {
                    "total": 2098.9458858000007,
                    "count": 57560,
                    "self": 1.1816595999434867,
                    "children": {
                        "env_step": {
                            "total": 685.2546571000487,
                            "count": 57560,
                            "self": 635.3079772000374,
                            "children": {
                                "SubprocessEnvManager._take_step": {
                                    "total": 49.24853780000268,
                                    "count": 57560,
                                    "self": 1.580913499998374,
                                    "children": {
                                        "TorchPolicy.evaluate": {
                                            "total": 47.667624300004306,
                                            "count": 16672,
                                            "self": 18.27212659999895,
                                            "children": {
                                                "TorchPolicy.sample_actions": {
                                                    "total": 29.395497700005357,
                                                    "count": 16672,
                                                    "self": 29.395497700005357
                                                }
                                            }
                                        }
                                    }
                                },
                                "workers": {
                                    "total": 0.6981421000086385,
                                    "count": 57560,
                                    "self": 0.0,
                                    "children": {
                                        "worker_root": {
                                            "total": 2100.1661685000054,
                                            "count": 57560,
                                            "is_parallel": true,