{
    "name": "root",
    "gauges": {
        "CustomAgent.Policy.Entropy.mean": {
            "value": 1.157745599746704,
            "min": 1.1566450595855713,
            "max": 1.4436837434768677,
            "count": 50
        },
        "CustomAgent.Policy.Entropy.sum": {
            "value": 11554.30078125,
            "min": 11552.6337890625,
            "max": 14890.4765625,
            "count": 50
        },
        "CustomAgent.Environment.EpisodeLength.mean": {
            "value": 6.638379204892966,
            "min": 6.313094367227506,
            "max": 64.0962962962963,
            "count": 50
        },
        "CustomAgent.Environment.EpisodeLength.sum": {
            "value": 8683.0,
            "min": 8257.0,
            "max": 11073.0,
            "count": 50
        },
        "CustomAgent.Step.mean": {
            "value": 499994.0,
            "min": 9965.0,
            "max": 499994.0,
            "count": 50
        },
        "CustomAgent.Step.sum": {
            "value": 499994.0,
            "min": 9965.0,
            "max": 499994.0,
            "count": 50
        },
        "CustomAgent.Policy.ExtrinsicValueEstimate.mean": {
            "value": 0.9607659578323364,
            "min": 0.09130548685789108,
            "max": 0.9643736481666565,
            "count": 50
        },
        "CustomAgent.Policy.ExtrinsicValueEstimate.sum": {
            "value": 1256.681884765625,
            "min": 24.561176300048828,
            "max": 1316.177978515625,
            "count": 50
        },
        "CustomAgent.Environment.CumulativeReward.mean": {
            "value": 0.9908256880733946,
            "min": 0.1417910447761194,
            "max": 0.9977973568281938,
            "count": 50
        },
        "CustomAgent.Environment.CumulativeReward.sum": {
            "value": 1296.0,
            "min": 19.0,
            "max": 1363.0,
            "count": 50
        },
        "CustomAgent.Policy.ExtrinsicReward.mean": {
            "value": 0.9908256880733946,
            "min": 0.1417910447761194,
            "max": 0.9977973568281938,
            "count": 50
        },
        "CustomAgent.Policy.ExtrinsicReward.sum": {
            "value": 1296.0,
            "min": 19.0,
            "max": 1363.0,
            "count": 50
        },
        "CustomAgent.Losses.PolicyLoss.mean": {
            "value": 0.24689605893800373,
            "min": 0.23351130502011008,
            "max": 0.24969385042211503,
            "count": 50
        },
        "CustomAgent.Losses.PolicyLoss.sum": {
            "value": 23.20822954017235,
            "min": 18.559568436715573,
            "max": 23.514042389943253,
            "count": 50
        },
        "CustomAgent.Losses.ValueLoss.mean": {
            "value": 0.007355522111784167,
            "min": 0.00118495114989622,
            "max": 0.04409597667091866,
            "count": 50
        },
        "CustomAgent.Losses.ValueLoss.sum": {
            "value": 0.6914190785077117,
            "min": 0.11138540809024468,
            "max": 3.3071982503189,
            "count": 50
        },
        "CustomAgent.Policy.LearningRate.mean": {
            "value": 3.0055755939191497e-06,
            "min": 3.0055755939191497e-06,
            "max": 0.00029687805704064796,
            "count": 50
        },
        "CustomAgent.Policy.LearningRate.sum": {
            "value": 0.00028252410582840006,
            "min": 0.00028252410582840006,
            "max": 0.0229853300382234,
            "count": 50
        },
        "CustomAgent.Policy.Epsilon.mean": {
            "value": 0.10100182553191489,
            "min": 0.10100182553191489,
            "max": 0.19895935199999998,
            "count": 50
        },
        "CustomAgent.Policy.Epsilon.sum": {
            "value": 9.4941716,
            "min": 9.4941716,
            "max": 15.886358600000001,
            "count": 50
        },
        "CustomAgent.Policy.Beta.mean": {
            "value": 1.4908945106382981e-05,
            "min": 1.4908945106382981e-05,
            "max": 0.0004949008248,
            "count": 50
        },
        "CustomAgent.Policy.Beta.sum": {
            "value": 0.0014014408400000002,
            "min": 0.0014014408400000002,
            "max": 0.038332705339999995,
            "count": 50
        },
        "CustomAgent.IsTraining.mean": {
            "value": 1.0,
            "min": 1.0,
            "max": 1.0,
            "count": 50
        },
        "CustomAgent.IsTraining.sum": {
            "value": 1.0,
            "min": 1.0,
            "max": 1.0,
            "count": 50
        }
    },
    "metadata": {
        "timer_format_version": "0.1.0",
        "start_time_seconds": "1620438863",
        "python_version": "3.9.4 (tags/v3.9.4:1f2e308, Apr  6 2021, 13:40:21) [MSC v.1928 64 bit (AMD64)]",
        "command_line_arguments": "D:\\Tristan Macaulay\\Documents\\UnityProjects\\machine_learning\\venv\\Scripts\\mlagents-learn config/custom_agent.yaml --run-id=test13",
        "mlagents_version": "0.26.0",
        "mlagents_envs_version": "0.26.0",
        "communication_protocol_version": "1.5.0",
        "pytorch_version": "1.7.1+cu110",
        "numpy_version": "1.20.2",
        "end_time_seconds": "1620441035"
    },
    "total": 2172.108706,
    "count": 1,
    "self": 0.01047679999965112,
    "children": {
        "run_training.setup": {
            "total": 0.11455400000000004,
            "count": 1,
            "self": 0.11455400000000004
        },
        "TrainerController.start_learning": {
            "total": 2171.9836752,
            "count": 1,
            "self": 1.482997700026317,
            "children": {
                "TrainerController._reset_env": {
                    "total": 6.1623193,
                    "count": 1,
                    "self": 6.1623193
                },
                "TrainerController.advance": {
                    "total": 2164.2711670999734,
                    "count": 64523,
                    "self": 1.3256131999751233,
                    "children": {
                        "env_step": {
                            "total": 753.3740607000068,
                            "count": 64523,
                            "self": 679.2550860000036,
                            "children": {
                                "SubprocessEnvManager._take_step": {
                                    "total": 73.321464000004,
                                    "count": 64523,
                                    "self": 2.158175800004898,
                                    "children": {
                                        "TorchPolicy.evaluate": {
                                            "total": 71.1632881999991,
                                            "count": 25004,
                                            "self": 27.41684350001011,
                                            "children": {
                                                "TorchPolicy.sample_actions": {
                                                    "total": 43.74644469998899,
                                                    "count": 25004,
                                                    "self": 43.74644469998899
                                                }
                                            }
                                        }
                                    }
                                },
                                "workers": {
                                    "total": 0.7975106999991706,
                                    "count": 64523,
                                    "self": 0.0,
                                    "children": {
                                        "worker_root": {
                                            "total": 2165.292564000029,
                                            "count": 64523,
                                            "is_parallel": true,