{
    "name": "root",
    "gauges": {
        "CustomAgent.Policy.Entropy.mean": {
            "value": 1.2129783630371094,
            "min": 1.1933214664459229,
            "max": 2.5693955421447754,
            "count": 50
        },
        "CustomAgent.Policy.Entropy.sum": {
            "value": 11993.9296875,
            "min": 11952.4296875,
            "max": 25940.6171875,
            "count": 50
        },
        "CustomAgent.Environment.EpisodeLength.mean": {
            "value": 77.4367816091954,
            "min": 5.1854140914709514,
            "max": 148.6046511627907,
            "count": 50
        },
        "CustomAgent.Environment.EpisodeLength.sum": {
            "value": 6737.0,
            "min": 2785.0,
            "max": 31116.0,
            "count": 50
        },
        "CustomAgent.Step.mean": {
            "value": 499952.0,
            "min": 9991.0,
            "max": 499952.0,
            "count": 50
        },
        "CustomAgent.Step.sum": {
            "value": 499952.0,
            "min": 9991.0,
            "max": 499952.0,
            "count": 50
        },
        "CustomAgent.Policy.ExtrinsicValueEstimate.mean": {
            "value": 0.024010783061385155,
            "min": 0.0038907190319150686,
            "max": 0.10402438789606094,
            "count": 50
        },
        "CustomAgent.Policy.ExtrinsicValueEstimate.sum": {
            "value": 5.354404449462891,
            "min": 0.8909746408462524,
            "max": 129.00106811523438,
            "count": 50
        },
        "CustomAgent.Environment.CumulativeReward.mean": {
            "value": 0.10344827586206896,
            "min": 0.0,
            "max": 0.17796610169491525,
            "count": 50
        },
        "CustomAgent.Environment.CumulativeReward.sum": {
            "value": 9.0,
            "min": 0.0,
            "max": 166.0,
            "count": 50
        },
        "CustomAgent.Policy.ExtrinsicReward.mean": {
            "value": 0.10344827586206896,
            "min": 0.0,
            "max": 0.17796610169491525,
            "count": 50
        },
        "CustomAgent.Policy.ExtrinsicReward.sum": {
            "value": 9.0,
            "min": 0.0,
            "max": 166.0,
            "count": 50
        },
        "CustomAgent.Losses.PolicyLoss.mean": {
            "value": 0.23913973924872492,
            "min": 0.23127334623939227,
            "max": 0.24931302199817704,
            "count": 50
        },
        "CustomAgent.Losses.PolicyLoss.sum": {
            "value": 16.97892148665947,
            "min": 15.800351566693598,
            "max": 23.684737089826818,
            "count": 50
        },
        "CustomAgent.Losses.ValueLoss.mean": {
            "value": 0.0025306628699526866,
            "min": 3.72081979919038e-05,
            "max": 0.0381745302439611,
            "count": 50
        },
        "CustomAgent.Losses.ValueLoss.sum": {
            "value": 0.17967706376664075,
            "min": 0.002753406651400881,
            "max": 3.626580373176304,
            "count": 50
        },
        "CustomAgent.Policy.LearningRate.mean": {
            "value": 3.0812679870281686e-06,
            "min": 3.0812679870281686e-06,
            "max": 0.00029698467842446236,
            "count": 50
        },
        "CustomAgent.Policy.LearningRate.sum": {
            "value": 0.00021877002707899998,
            "min": 0.00021877002707899998,
            "max": 0.027643591485469594,
            "count": 50
        },
        "CustomAgent.Policy.Epsilon.mean": {
            "value": 0.10102705633802816,
            "min": 0.10102705633802816,
            "max": 0.19899489247311833,
            "count": 50
        },
        "CustomAgent.Policy.Epsilon.sum": {
            "value": 7.172921,
            "min": 7.172921,
            "max": 18.7145304,
            "count": 50
        },
        "CustomAgent.Policy.Beta.mean": {
            "value": 1.5032576056338028e-05,
            "min": 1.5032576056338028e-05,
            "max": 0.0004950749731182796,
            "count": 50
        },
        "CustomAgent.Policy.Beta.sum": {
            "value": 0.0010673129,
            "min": 0.0010673129,
            "max": 0.046101198960000006,
            "count": 50
        },
        "CustomAgent.IsTraining.mean": {
            "value": 1.0,
            "min": 1.0,
            "max": 1.0,
            "count": 50
        },
        "CustomAgent.IsTraining.sum": {
            "value": 1.0,
            "min": 1.0,
            "max": 1.0,
            "count": 50
        }
    },
    "metadata": {
        "timer_format_version": "0.1.0",
        "start_time_seconds": "1620730812",
        "python_version": "3.9.4 (tags/v3.9.4:1f2e308, Apr  6 2021, 13:40:21) [MSC v.1928 64 bit (AMD64)]",
        "command_line_arguments": "D:\\Tristan Macaulay\\Documents\\UnityProjects\\machine_learning\\venv\\Scripts\\mlagents-learn config\\custom_agent.YAML --run-id=test10",
        "mlagents_version": "0.26.0",
        "mlagents_envs_version": "0.26.0",
        "communication_protocol_version": "1.5.0",
        "pytorch_version": "1.8.1+cu111",
        "numpy_version": "1.20.2",
        "end_time_seconds": "1620733830"
    },
    "total": 3017.7951632,
    "count": 1,
    "self": 0.007649399999991147,
    "children": {
        "run_training.setup": {
            "total": 0.1176085,
            "count": 1,
            "self": 0.1176085
        },
        "TrainerController.start_learning": {
            "total": 3017.6699052999998,
            "count": 1,
            "self": 1.0498097000313464,
            "children": {
                "TrainerController._reset_env": {
                    "total": 8.4344224,
                    "count": 1,
                    "self": 8.4344224
                },
                "TrainerController.advance": {
                    "total": 3008.0765644999683,
                    "count": 48494,
                    "self": 0.904477600061,
                    "children": {
                        "env_step": {
                            "total": 1619.514797499943,
                            "count": 48494,
                            "self": 1512.8717576999582,
                            "children": {
                                "SubprocessEnvManager._take_step": {
                                    "total": 106.07830079999556,
                                    "count": 48494,
                                    "self": 2.237528599990185,
                                    "children": {
                                        "TorchPolicy.evaluate": {
                                            "total": 103.84077220000538,
                                            "count": 31271,
                                            "self": 35.220855099985414,
                                            "children": {
                                                "TorchPolicy.sample_actions": {
                                                    "total": 68.61991710001996,
                                                    "count": 31271,
                                                    "self": 68.61991710001996
                                                }
                                            }
                                        }
                                    }
                                },
                                "workers": {
                                    "total": 0.5647389999891814,
                                    "count": 48494,
                                    "self": 0.0,
                                    "children": {
                                        "worker_root": {
                                            "total": 3009.0913364999883,
                                            "count": 48494,
                                            "is_parallel": true,
                                            "self": 1554.8488083999746,