{
    "name": "root",
    "gauges": {
        "CustomAgent.Policy.Entropy.mean": {
            "value": 1.2789416313171387,
            "min": 1.2703388929367065,
            "max": 2.69377064704895,
            "count": 45
        },
        "CustomAgent.Policy.Entropy.sum": {
            "value": 12876.384765625,
            "min": 12660.197265625,
            "max": 27541.111328125,
            "count": 45
        },
        "CustomAgent.Environment.EpisodeLength.mean": {
            "value": 8.282696177062375,
            "min": 8.153846153846153,
            "max": 18985.0,
            "count": 36
        },
        "CustomAgent.Environment.EpisodeLength.sum": {
            "value": 8233.0,
            "min": 241.0,
            "max": 36290.0,
            "count": 36
        },
        "CustomAgent.Step.mean": {
            "value": 449994.0,
            "min": 9996.0,
            "max": 449994.0,
            "count": 45
        },
        "CustomAgent.Step.sum": {
            "value": 449994.0,
            "min": 9996.0,
            "max": 449994.0,
            "count": 45
        },
        "CustomAgent.Policy.ExtrinsicValueEstimate.mean": {
            "value": 0.9478342533111572,
            "min": -0.004487733356654644,
            "max": 0.9567817449569702,
            "count": 45
        },
        "CustomAgent.Policy.ExtrinsicValueEstimate.sum": {
            "value": 955.4169311523438,
            "min": -0.7000864148139954,
            "max": 1044.8056640625,
            "count": 45
        },
        "CustomAgent.Environment.CumulativeReward.mean": {
            "value": 1.0,
            "min": 1.0,
            "max": 1.0,
            "count": 36
        },
        "CustomAgent.Environment.CumulativeReward.sum": {
            "value": 994.0,
            "min": 1.0,
            "max": 1092.0,
            "count": 36
        },
        "CustomAgent.Policy.ExtrinsicReward.mean": {
            "value": 1.0,
            "min": 1.0,
            "max": 1.0,
            "count": 36
        },
        "CustomAgent.Policy.ExtrinsicReward.sum": {
            "value": 994.0,
            "min": 1.0,
            "max": 1092.0,
            "count": 36
        },
        "CustomAgent.Losses.PolicyLoss.mean": {
            "value": 0.23816527317829414,
            "min": 0.2349075112645491,
            "max": 0.2510183092242054,
            "count": 45
        },
        "CustomAgent.Losses.PolicyLoss.sum": {
            "value": 21.91120513240306,
            "min": 13.86599894655592,
            "max": 22.824762875633493,
            "count": 45
        },
        "CustomAgent.Losses.ValueLoss.mean": {
            "value": 0.0021375163194362634,
            "min": 7.253698768320388e-06,
            "max": 0.018534244124106442,
            "count": 45
        },
        "CustomAgent.Losses.ValueLoss.sum": {
            "value": 0.19665150138813622,
            "min": 0.0005657885039289902,
            "max": 1.427136797556196,
            "count": 45
        },
        "CustomAgent.Policy.LearningRate.mean": {
            "value": 0.00016650980427935542,
            "min": 0.00016650980427935542,
            "max": 0.0002983706362574071,
            "count": 45
        },
        "CustomAgent.Policy.LearningRate.sum": {
            "value": 0.0153189019937007,
            "min": 0.0153189019937007,
            "max": 0.0230480983173006,
            "count": 45
        },
        "CustomAgent.Policy.Epsilon.mean": {
            "value": 0.15550325326086958,
            "min": 0.15550325326086958,
            "max": 0.19945687857142858,
            "count": 45
        },
        "CustomAgent.Policy.Epsilon.sum": {
            "value": 14.306299300000003,
            "min": 11.1695852,
            "max": 15.4826994,
            "count": 45
        },
        "CustomAgent.Policy.Beta.mean": {
            "value": 0.0002819659409782609,
            "min": 0.0002819659409782609,
            "max": 0.0004973387050000001,
            "count": 45
        },
        "CustomAgent.Policy.Beta.sum": {
            "value": 0.02594086657,
            "min": 0.02594086657,
            "max": 0.03842522705999999,
            "count": 45
        },
        "CustomAgent.IsTraining.mean": {
            "value": 1.0,
            "min": 1.0,
            "max": 1.0,
            "count": 45
        },
        "CustomAgent.IsTraining.sum": {
            "value": 1.0,
            "min": 1.0,
            "max": 1.0,
            "count": 45
        }
    },
    "metadata": {
        "timer_format_version": "0.1.0",
        "start_time_seconds": "1621245163",
        "python_version": "3.9.2 (tags/v3.9.2:1a79785, Feb 19 2021, 13:44:55) [MSC v.1928 64 bit (AMD64)]",
        "command_line_arguments": "C:\\Users\\djame\\AppData\\Local\\Programs\\Python\\Python39\\Scripts\\mlagents-learn config/custom_agent.yaml --run-id=davieTest1 --force",
        "mlagents_version": "0.26.0",
        "mlagents_envs_version": "0.26.0",
        "communication_protocol_version": "1.5.0",
        "pytorch_version": "1.7.1+cu110",
        "numpy_version": "1.20.2",
        "end_time_seconds": "1621248447"
    },
    "total": 3284.1386701,
    "count": 1,
    "self": 0.009772600000360399,
    "children": {
        "run_training.setup": {
            "total": 0.12093060000000011,
            "count": 1,
            "self": 0.12093060000000011
        },
        "TrainerController.start_learning": {
            "total": 3284.0079668999997,
            "count": 1,
            "self": 1.8897110000289103,
            "children": {
                "TrainerController._reset_env": {
                    "total": 11.2057474,
                    "count": 1,
                    "self": 11.2057474
                },
                "TrainerController.advance": {
                    "total": 3270.584170399971,
                    "count": 91839,
                    "self": 1.9167992000416234,
                    "children": {
                        "env_step": {
                            "total": 1878.9808956999577,
                            "count": 91839,
                            "self": 1636.9731184999314,
                            "children": {
                                "SubprocessEnvManager._take_step": {
                                    "total": 240.86706540001606,
                                    "count": 91839,
                                    "self": 5.722258000041592,
                                    "children": {
                                        "TorchPolicy.evaluate": {
                                            "total": 235.14480739997447,
                                            "count": 76572,
                                            "self": 91.25143419999011,
                                            "children": {
                                                "TorchPolicy.sample_actions": {
                                                    "total": 143.89337319998435,
                                                    "count": 76572,
                                                    "self": 143.89337319998435
                                                }
                                            }
                                        }
                                    }
                                },
                                "workers": {
                                    "total": 1.1407118000101608,
                                    "count": 91838,
                                    "self": 0.0,
                                    "children": {
                                        "worker_root": {
                                            "total": 3272.872481800067,
                                            "count": 91838,
                                            "is_parallel": true,
                                            "self": 1736.4670055999582,