{
    "name": "root",
    "gauges": {
        "CustomAgent.Policy.Entropy.mean": {
            "value": 0.9372497200965881,
            "min": 0.8975411653518677,
            "max": 1.2028766870498657,
            "count": 37
        },
        "CustomAgent.Policy.Entropy.sum": {
            "value": 9368.748046875,
            "min": 754.2198486328125,
            "max": 12016.73828125,
            "count": 37
        },
        "CustomAgent.Environment.EpisodeLength.mean": {
            "value": 7.797713280562885,
            "min": 7.17579721995094,
            "max": 10.286252354048964,
            "count": 37
        },
        "CustomAgent.Environment.EpisodeLength.sum": {
            "value": 8866.0,
            "min": 533.0,
            "max": 10924.0,
            "count": 37
        },
        "CustomAgent.Step.mean": {
            "value": 819995.0,
            "min": 459996.0,
            "max": 819995.0,
            "count": 37
        },
        "CustomAgent.Step.sum": {
            "value": 819995.0,
            "min": 459996.0,
            "max": 819995.0,
            "count": 37
        },
        "CustomAgent.Policy.ExtrinsicValueEstimate.mean": {
            "value": 0.9575114250183105,
            "min": 0.9312235116958618,
            "max": 0.9649012684822083,
            "count": 37
        },
        "CustomAgent.Policy.ExtrinsicValueEstimate.sum": {
            "value": 1097.30810546875,
            "min": 69.47289276123047,
            "max": 1178.28759765625,
            "count": 37
        },
        "CustomAgent.Environment.CumulativeReward.mean": {
            "value": 1.0,
            "min": 1.0,
            "max": 1.0,
            "count": 37
        },
        "CustomAgent.Environment.CumulativeReward.sum": {
            "value": 1137.0,
            "min": 72.0,
            "max": 1223.0,
            "count": 37
        },
        "CustomAgent.Policy.ExtrinsicReward.mean": {
            "value": 1.0,
            "min": 1.0,
            "max": 1.0,
            "count": 37
        },
        "CustomAgent.Policy.ExtrinsicReward.sum": {
            "value": 1137.0,
            "min": 72.0,
            "max": 1223.0,
            "count": 37
        },
        "CustomAgent.Losses.PolicyLoss.mean": {
            "value": 0.24166897366281875,
            "min": 0.21940884007451436,
            "max": 0.24777808881620048,
            "count": 37
        },
        "CustomAgent.Losses.PolicyLoss.sum": {
            "value": 22.475214550642143,
            "min": 1.0970442003725718,
            "max": 23.538918437539046,
            "count": 37
        },
        "CustomAgent.Losses.ValueLoss.mean": {
            "value": 0.0016990825098468746,
            "min": 0.000230565771368371,
            "max": 0.004678425610138406,
            "count": 37
        },
        "CustomAgent.Losses.ValueLoss.sum": {
            "value": 0.15801467341575934,
            "min": 0.001152828856841855,
            "max": 0.4210583049124565,
            "count": 37
        },
        "CustomAgent.Policy.LearningRate.mean": {
            "value": 5.5508868593845176e-05,
            "min": 5.5508868593845176e-05,
            "max": 0.00016208506597166,
            "count": 37
        },
        "CustomAgent.Policy.LearningRate.sum": {
            "value": 0.005162324779227601,
            "min": 0.0008104253298583,
            "max": 0.0149271775242756,
            "count": 37
        },
        "CustomAgent.Policy.Epsilon.mean": {
            "value": 0.11850292903225809,
            "min": 0.11850292903225809,
            "max": 0.15402834000000004,
            "count": 37
        },
        "CustomAgent.Policy.Epsilon.sum": {
            "value": 11.020772400000002,
            "min": 0.7701417000000002,
            "max": 14.335613800000003,
            "count": 37
        },
        "CustomAgent.Policy.Beta.mean": {
            "value": 0.00010066435225806451,
            "min": 0.00010066435225806451,
            "max": 0.0002747388660000001,
            "count": 37
        },
        "CustomAgent.Policy.Beta.sum": {
            "value": 0.00936178476,
            "min": 0.0013736943300000004,
            "max": 0.025311049560000003,
            "count": 37
        },
        "CustomAgent.IsTraining.mean": {
            "value": 1.0,
            "min": 1.0,
            "max": 1.0,
            "count": 37
        },
        "CustomAgent.IsTraining.sum": {
            "value": 1.0,
            "min": 1.0,
            "max": 1.0,
            "count": 37
        }
    },
    "metadata": {
        "timer_format_version": "0.1.0",
        "start_time_seconds": "1621315559",
        "python_version": "3.9.2 (tags/v3.9.2:1a79785, Feb 19 2021, 13:44:55) [MSC v.1928 64 bit (AMD64)]",
        "command_line_arguments": "C:\\Users\\djame\\AppData\\Local\\Programs\\Python\\Python39\\Scripts\\mlagents-learn config/custom_agent.yaml --run-id=davieTest1 --resume",
        "mlagents_version": "0.26.0",
        "mlagents_envs_version": "0.26.0",
        "communication_protocol_version": "1.5.0",
        "pytorch_version": "1.7.1+cu110",
        "numpy_version": "1.20.2",
        "end_time_seconds": "1621318982"
    },
    "total": 3422.7189109,
    "count": 1,
    "self": 0.014550199999575852,
    "children": {
        "run_training.setup": {
            "total": 0.4096504999999997,
            "count": 1,
            "self": 0.4096504999999997
        },
        "TrainerController.start_learning": {
            "total": 3422.2947102000003,
            "count": 1,
            "self": 2.838367199998629,
            "children": {
                "TrainerController._reset_env": {
                    "total": 22.9630395,
                    "count": 1,
                    "self": 22.9630395
                },
                "TrainerController.advance": {
                    "total": 3396.1387956000017,
                    "count": 98585,
                    "self": 2.792440799920314,
                    "children": {
                        "env_step": {
                            "total": 1712.3870405000591,
                            "count": 98585,
                            "self": 1442.2289073000536,
                            "children": {
                                "SubprocessEnvManager._take_step": {
                                    "total": 268.508344900067,
                                    "count": 98585,
                                    "self": 6.46417830002855,
                                    "children": {
                                        "TorchPolicy.evaluate": {
                                            "total": 262.04416660003847,
                                            "count": 61691,
                                            "self": 93.69594140003704,
                                            "children": {
                                                "TorchPolicy.sample_actions": {
                                                    "total": 168.34822520000142,
                                                    "count": 61691,
                                                    "self": 168.34822520000142
                                                }
                                            }
                                        }
                                    }
                                },
                                "workers": {
                                    "total": 1.6497882999385851,
                                    "count": 98584,
                                    "self": 0.0,
                                    "children": {
                                        "worker_root": {
                                            "total": 3407.5403163999354,
                                            "count": 98584,
                                            "is_parallel": true,
                                            "self": 2101.750843600017,