{
    "name": "root",
    "metadata": {
        "timer_format_version": "0.1.0",
        "start_time_seconds": "1620725545",
        "python_version": "3.9.4 (tags/v3.9.4:1f2e308, Apr  6 2021, 13:40:21) [MSC v.1928 64 bit (AMD64)]",
        "command_line_arguments": "D:\\Tristan Macaulay\\Documents\\UnityProjects\\machine_learning\\venv\\Scripts\\mlagents-learn config\\custom_agent.YAML --run-id=test03",
        "mlagents_version": "0.26.0",
        "mlagents_envs_version": "0.26.0",
        "communication_protocol_version": "1.5.0",
        "pytorch_version": "1.8.1+cu111",
        "numpy_version": "1.20.2",
        "end_time_seconds": "1620725609"
    },
    "total": 63.239582500000004,
    "count": 1,
    "self": 0.004213500000005865,
    "children": {
        "run_training.setup": {
            "total": 0.12895719999999988,
            "count": 1,
            "self": 0.12895719999999988
        },
        "TrainerController.start_learning": {
            "total": 63.1064118,
            "count": 1,
            "self": 0.028805000000026837,
            "children": {
                "TrainerController._reset_env": {
                    "total": 11.2638414,
                    "count": 1,
                    "self": 11.2638414
                },
                "TrainerController.advance": {
                    "total": 51.376587599999965,
                    "count": 1631,
                    "self": 0.02743800000001073,
                    "children": {
                        "env_step": {
                            "total": 47.326508499999875,
                            "count": 1631,
                            "self": 42.14377969999985,
                            "children": {
                                "SubprocessEnvManager._take_step": {
                                    "total": 5.165467599999857,
                                    "count": 1631,
                                    "self": 0.07702289999988388,
                                    "children": {
                                        "TorchPolicy.evaluate": {
                                            "total": 5.0884446999999735,
                                            "count": 1501,
                                            "self": 1.6467850999999118,
                                            "children": {
                                                "TorchPolicy.sample_actions": {
                                                    "total": 3.4416596000000617,
                                                    "count": 1501,
                                                    "self": 3.4416596000000617
                                                }
                                            }
                                        }
                                    }
                                },
                                "workers": {
                                    "total": 0.01726120000016884,
                                    "count": 1630,
                                    "self": 0.0,
                                    "children": {
                                        "worker_root": {
                                            "total": 52.86085479999997,
                                            "count": 1630,
                                            "is_parallel": true,
                                            "self": 12.148430099999892,
                                            "children": {
                                                "steps_from_proto": {
                                                    "total": 0.0006164999999995757,
                                                    "count": 1,
                                                    "is_parallel": true,
                                                    "self": 0.000286900000000756,
                                                    "children": {
                                                        "_process_rank_one_or_two_observation": {
                                                            "total": 0.0003295999999988197,
                                                            "count": 4,
                                                            "is_parallel": true,
                                                            "self": 0.0003295999999988197
                                                        }
                                                    }
                                                },
                                                "UnityEnvironment.step": {
                                                    "total": 40.71180820000008,
                                                    "count": 1630,
                                                    "is_parallel": true,
                                                    "self": 0.10196040000016637,
                                                    "children": {
                                                        "UnityEnvironment._generate_step_input": {
                                                            "total": 0.2126184999999694,
                                                            "count": 1630,
                                                            "is_parallel": true,
                                                            "self": 0.2126184999999694
                                                        },
                                                        "communicator.exchange": {
                                                            "total": 39.860482299999845,
                                                            "count": 1630,
                                                            "is_parallel": true,
                                                            "self": 39.860482299999845
                                                        },
                                                        "steps_from_proto": {
                                                            "total": 0.5367470000001013,
                                                            "count": 1630,
                                                            "is_parallel": true,
                                                            "self": 0.27786660000032093,
                                                            "children": {
                                                                "_process_rank_one_or_two_observation": {
                                                                    "total": 0.2588803999997804,
                                                                    "count": 6520,
                                                                    "is_parallel": true,
                                                                    "self": 0.2588803999997804
                                                                }
                                                            }
                                                        }
                                                    }
                                                }
                                            }
                                        }
                                    }
                                }
                            }
                        },
                        "trainer_advance": {
                            "total": 4.0226411000000795,
                            "count": 1630,
                            "self": 0.03241180000019028,
                            "children": {
                                "process_trajectory": {
                                    "total": 0.3234194999998863,
                                    "count": 1630,
                                    "self": 0.3234194999998863
                                },